"","cluster"
"accesibil",4
"ajust pes",6
"algoritm enrut",1
"analisis clust",6
"arbol clasif",6
"cap red",1
"cap transport",1
"captur requer",3
"comerci",2
"conexiA3n",5
"datagram",1
"departamentaliz",2
"desarroll modul",4
"direccion ipv",5
"document especif requer",3
"document requer",3
"enrut dinam",5
"especif",3
"especif requer softwar",3
"factor human",2
"gestion usuari",4
"ingeni requer",5
"ingeni softwar",5
"instal",4
"internet",1
"laravel",4
"maquet",4
"metodolog desarroll web",4
"model ocult markov",6
"php",4
"polit",2
"premis",2
"proces requer",3
"protocol transaccion dat",1
"prototip",3
"prueb desarroll",5
"regl neuronal",6
"reingeni",2
"tar",3
"tcp",1
"tecnolog inform",2
"udp",1
"vlans",5
"web app",4
